City,state,All Departments for City Council Video/audio,Planning Department Video/audio,City Council Minutes and Agendas,"Planning, Zoning, Land Use Minutes and Agendas",comments for CC PC and Agenda
Baltimore,Maryland,https://www.youtube.com/@TV25BCOCC/videos,https://www.youtube.com/@BaltimoreCityPlanning/videos,https://baltimore.legistar.com/Calendar.aspx,https://baltimore.legistar.com/Calendar.aspx,#REF!
Bronx,New York,https://legistar.council.nyc.gov/Calendar.aspx,https://legistar.council.nyc.gov/Calendar.aspx,https://legistar.council.nyc.gov/Calendar.aspx,https://legistar.council.nyc.gov/Calendar.aspx,
Bridgeport,Connecticut,https://www.youtube.com/@CityofBridgeport1901/videos,,https://www.bridgeportct.gov/government/boards-and-commissions/city-council/city-council/city-council-meeting-minutes-agendas-and-notices,https://www.bridgeportct.gov/government/boards-and-commissions/planning-and-zoning-commission/planning-and-zoning-commission-meeting-minutes-agendas-and-notices,"NA pc video
Note: Supplementary material package avl with url of cc minutes"
Tucson,Arizona,https://www.youtube.com/@CityofTucson/streams,https://www.youtube.com/@TucsonPDSD/videos,"https://www.tucsonaz.gov/Government/Mayor-Council-and-City-Manager/Meeting-Schedules-Agendas/Mayor-Council-Meeting-Document-Archive/Mayor-Council-Minutes-2024
https://tucsonaz.hylandcloud.com/221agendaonline/",https://www.tucsonaz.gov/Departments/Planning-Development-Services/Public-Meetings-Boards-Committees-Commissions/Planning-Commission,
El Paso,Texas,"https://elpasotexas.legistar.com/Calendar.aspx
https://www.youtube.com/@cityofelpasotx/streams
https://www.youtube.com/@cityofelpasotx/videos",https://www.youtube.com/@cityofelpasotx/streams,https://elpasotexas.legistar.com/Calendar.aspx,https://elpasotexas.legistar.com/Calendar.aspx,
Omaha,Nebraska,"https://www.youtube.com/@DOTComm2013/videos 
https://www.youtube.com/@DOTComm2013/streams ",https://www.youtube.com/@DOTComm2013/videos,https://cityclerk.cityofomaha.org/category/city-council-downloads/journals/2025-journals-journals/,https://planning.cityofomaha.org/boards/planning-board,
McAllen,Texas,https://www.youtube.com/@CityofMcAllen/streams,,https://www.mcallen.net/departments/commission/meetings,https://www.mcallen.net/advisory-boards/planning-zoning,
Hempstead,New York,"https://www.youtube.com/@TOHLivestream/streams
https://www.youtube.com/@TOHLivestream/videos","https://www.villageofhempstead.org/AgendaCenter/Search/? term=&CIDs=3,5,&startDate=&endDate=&dateRange=&dateSelector=  
https://www.youtube.com/@townofhempsteadny7474/streams ",https://www.hempsteadny.gov/AgendaCenter/Town-Board-2,"https://www.villageofhempstead.org/AgendaCenter/Search/?term=&CIDs=3,5,&startDate=&endDate=&dateRange=&dateSelector=",
Park City,Utah,https://parkcityut.portal.civicclerk.com/,https://parkcityut.portal.civicclerk.com/,https://parkcityut.portal.civicclerk.com/,https://parkcityut.portal.civicclerk.com/,
Upper Hanover,Pennsylvania,,,https://www.upperhanovertownship.org/government/board_of_supervisors/agendas___minutes.php,,
West Haven-Sylvan,Oregon,,,,,
Butner,North Carolina,https://www.youtube.com/@TownofButner/streams,,https://www.butnernc.org/meetings/recent,Recent Meetings | Butner NC,
Tuba City,Arizona,,,,,handled by the To' Nanees' Dizi' Chapter
Clayton,California,"https://claytonca.gov/government/city-council/ 
https://claytonca.granicus.com/ViewPublisher.php?view_id=1 ",https://claytonca.gov/government/boards-and-commissions/,"https://claytonca.gov/government/city-council/#agendas 
https://claytonca.gov/government/city-council/#agendas   ","https://claytonca.gov/government/city-council/#agendas 
https://claytonca.gov/government/boards-and-commissions/#pc-desc ",
Merriam,Kansas,https://www.youtube.com/@MerriamOrgKansas/videos,,https://merriam.civicweb.net/Portal/MeetingSchedule.aspx?month=9,https://merriam.civicweb.net/Portal/MeetingSchedule.aspx?month=10,
Union City,Tennessee,,,https://www.unioncitytn.gov/agendas-minutes/,https://www.unioncitytn.gov/agendas-minutes/,
Selma,Texas,https://ci.selma.tx.us/agendacenter,,https://ci.selma.tx.us/AgendaCenter,,
Bradley,Illinois,,https://bradleyil.org/government/village-board/,https://bradleyil.org/meetings/,https://bradleyil.org/meetings/,
Robinson,Pennsylvania,,,https://www.townshipofrobinson.com/minutes-agendas/,https://www.townshipofrobinson.com/minutes-agendas/,
North Myrtle Beach,South Carolina,https://www.youtube.com/@cityofnorthmyrtlebeach/streams,https://www.youtube.com/@cityofnorthmyrtlebeach/streams,https://www.nmb.us/agendacenter,https://www.nmb.us/agendacenter,
Santa Fe Springs,California,https://www.youtube.com/@CityofSantaFeSprings1957/streams,https://www.youtube.com/@CityofSantaFeSprings1957/streams,https://www.santafesprings.gov/city_council/city_council_meetings/meeting_agendas_and_minutes.php,https://www.santafesprings.gov/city_council/city_council_commissions___committees/planning_commission/current_agendas_and_minutes2023.php,
West Manchester,Pennsylvania,https://www.westmanchestertownship.com/boards-committees/board-of-supervisors/,,https://www.westmanchestertownship.com/boards-committees/board-of-supervisors/,https://www.westmanchestertownship.com/boards-committees/planning-commission/,
Tinton Falls,New Jersey,https://www.youtube.com/@Borough-of-Tinton-Falls/streams,,https://tintonfalls-nj.municodemeetings.com/,https://www.tintonfalls.com/meetings/meeting-documents/planning-board-meetings,
Norton,Massachusetts,https://www.youtube.com/@nortonmediacenter1922/videos,https://www.youtube.com/@nortonmediacenter1922/videos,https://www.nortonma.org/minutes-and-agendas,https://www.nortonma.org/node/646/minutes,
Meadows Place,Texas,"https://meadowsplacetx.new.swagit.com/views/151
https://www.facebook.com/cityofmeadowsplace/live_videos
",,https://cityofmeadowsplace.org/agenda-minutes/2025-agendas-and-minutes/,https://cityofmeadowsplace.org/agenda-minutes/2025-agendas-and-minutes/,
Radnor,Pennsylvania,"https://www.youtube.com/@RadnorTownshipTelevision/videos 
https://radnor.granicus.com/ViewPublisher.php?view_id=1 ","https://radnor.granicus.com/ViewPublisher.php?view_id=1 
https://www.youtube.com/@RadnorTownshipTelevision/videos ",https://radnor.granicus.com/ViewPublisher.php?view_id=1,https://radnor.granicus.com/ViewPublisher.php?view_id=1,
Brooklyn Center,Minnesota,"https://reflect-ccx.cablecast.tv/CablecastPublicSite/?site=7 
https://nwsccc-brooklynctr.granicus.com/ViewPublisher.php?view_id=4 ",,"https://brooklyncentermn.portal.civicclerk.com/ 
https://bc-img.ci.brooklyn-center.mn.us/WebLink/Browse.aspx? id=271865&dbid=0&repo=BrooklynCenter 
https://bc-img.ci.brooklyn-center.mn.us/WebLink/Browse.aspx? id=1&dbid=0&repo=BrooklynCenter ",,
University Park,Texas,"https://uptexas.granicus.com/ViewPublisher.php?view_id=11
https://uptexas.legistar.com/Calendar.aspx",https://uptexas.legistar.com/Calendar.aspx,https://uptexas.granicus.com/ViewPublisher.php?view_id=11,https://uptexas.legistar.com/Calendar.aspx,
Port St. John,Florida,"https://www.youtube.com/@SCGTV499/streams 
https://www.facebook.com/BrevardCountyGovt/videos 
https://www.facebook.com/BrevardCountyGovt/live_videos 
https://brevardfl.legistar.com/Calendar.aspx ","https://www.youtube.com/@SCGTV499/streams   
https://www.facebook.com/BrevardCountyGovt/videos 
https://www.facebook.com/BrevardCountyGovt/live_videos 
https://brevardfl.legistar.com/Calendar.aspx ","https://www.brevardclerk.us/meeting-minutes 
https://www.brevardfl.gov/AdvisoryBoardAgendasAndMinutes ","https://www.brevardclerk.us/meeting-minutes 
https://www.brevardfl.gov/AdvisoryBoardAgendasAndMinutes ",
Goleta,California,"https://www.youtube.com/@CityofGoleta1/streams 
https://goleta.granicus.com/ViewPublisher.php?view_id=5 ",https://goleta.granicus.com/ViewPublisher.php?view_id=5,"https://goleta.legistar.com/Calendar.aspx 
https://goleta.granicus.com/ViewPublisher.php?view_id=5","https://goleta.legistar.com/Calendar.aspx 
https://goleta.granicus.com/ViewPublisher.php?view_id=5 ",
,,,,,,
Beverly Hills,California,https://beverlyhills.granicus.com/ViewPublisher.php?view_id=49,https://beverlyhills.granicus.com/ViewPublisher.php?view_id=57,https://beverlyhills.granicus.com/ViewPublisher.php?view_id=49,https://beverlyhills.granicus.com/ViewPublisher.php?view_id=57,
Weatherford,Texas,"https://www.facebook.com/weatherfordtexas/videos 
https://www.facebook.com/weatherfordtexas/live_videos 
https://weatherford.granicus.com/ViewPublisherRSS.php?view_id=4&mode=vpodcast ","https://weatherford.granicus.com/ViewPublisherRSS.php?view_id=4&mode=vpodcast 
https://weatherford.granicus.com/ViewPublisher.php?view_id=4 ",https://weatherford.granicus.com/ViewPublisher.php?view_id=4,https://weatherford.granicus.com/ViewPublisher.php?view_id=4,
Ithaca,New York,"https://www.youtube.com/@CityofIthacaPublicMeetings/streams 
https://www.youtube.com/@CityofIthacaPublicMeetings/videos ","https://www.youtube.com/@CityofIthacaPublicMeetings/streams 
https://www.youtube.com/@CityofIthacaPublicMeetings/videos ",https://lfweb.tompkins-co.org/WebLink/Browse.aspx?dbid=13&id=284619&row=1&cr=1,https://lfweb.tompkins-co.org/WebLink/Browse.aspx?id=293079&dbid=13&repo=CityOfIthaca,
Pearl,Mississippi,https://www.youtube.com/@cityofpearlms6274/streams,,https://pearlms.legistar.com/Calendar.aspx,,
Venice,Florida,https://venice.legistar.com/Calendar.aspx,https://venice.legistar.com/Calendar.aspx,https://venice.legistar.com/Calendar.aspx,https://venice.legistar.com/Calendar.aspx,
Oak Ridge,Tennessee,https://oakridgetn.granicus.com/ViewPublisher.php?view_id=1,"https://oakridgetn.granicus.com/ViewPublisherRSS.php?view_id=1&mode=vpodcast 
https://oakridgetn.granicus.com/ViewPublisher.php?view_id=1 ",https://oakridgetn.granicus.com/ViewPublisher.php?view_id=1,https://oakridgetn.granicus.com/ViewPublisher.php?view_id=1,
Seguin,Texas,https://cityofseguintx.legistar.com/DepartmentDetail.aspx?ID=21648&GUID=DF24496F-E6A8-4945-8DC3-9F1E109ABBBA&Mode=MainBody,https://cityofseguintx.legistar.com/DepartmentDetail.aspx?ID=21656&GUID=169A3260-C573-45FA-96C0-F8967B8E336B&R=e91f7ed0-3f69-408c-b344-9ea6178f0a7d,https://cityofseguintx.legistar.com/Calendar.aspx,https://cityofseguintx.legistar.com/Calendar.aspx,
Niles,Illinois,https://play.champds.com/nilesil/archive/2,,"https://www.vniles.com/AgendaCenter
https://niles.granicus.com/ViewPublisher.php?view_id=2",https://www.vniles.com/AgendaCenter,
Los Altos,California,"https://www.youtube.com/@CityofLosAltosCA/videos 
https://www.youtube.com/@CityofLosAltosCA/streams 
https://www.losaltosca.gov/meetings? date_filter%5Bvalue%5D%5Bmonth%5D=9&date_filter%5Bvalue%5D%5Bday%5D=7&date _filter%5Bvalue%5D%5Byear%5D=2024&date_filter_1%5Bvalue%5D%5Bmonth%5D=11& date_filter_1%5Bvalue%5D%5Bday%5D=6&date_filter_1%5Bvalue%5D%5Byear%5D=2024&field_microsite_tid=All&field_microsite_tid_1=All ","https://www.youtube.com/@CityofLosAltosCA/videos 
https://www.youtube.com/@CityofLosAltosCA/streams ",https://www.losaltosca.gov/meetings?date_filter%5Bvalue%5D%5Bmonth%5D=9&date_filter%5Bvalue%5D%5Bday%5D=7&date_filter%5Bvalue%5D%5Byear%5D=2024&date_filter_1%5Bvalue%5D%5Bmonth%5D=11&date_filter_1%5Bvalue%5D%5Bday%5D=6&date_filter_1%5Bvalue%5D%5Byear%5D=2024&field_microsite_tid=All&field_microsite_tid_1=All,https://www.losaltosca.gov/meetings?date_filter%5Bvalue%5D%5Bmonth%5D=9&date_filter%5Bvalue%5D%5Bday%5D=7&date_filter%5Bvalue%5D%5Byear%5D=2024&date_filter_1%5Bvalue%5D%5Bmonth%5D=11&date_filter_1%5Bvalue%5D%5Bday%5D=6&date_filter_1%5Bvalue%5D%5Byear%5D=2024&field_microsite_tid=All&field_microsite_tid_1=All,
Needham,Massachusetts,https://www.youtube.com/@TownofNeedhamMA/videos,https://www.youtube.com/@TownofNeedhamMA/videos,https://www.needhamma.gov/Archive.aspx?AMID=31,https://www.needhamma.gov/Archive.aspx?AMID=33,
New Smyrna Beach,Florida,https://cityofnsb.granicus.com/ViewPublisher.php?view_id=1,https://cityofnsb.granicus.com/ViewPublisher.php?view_id=1,https://cityofnsb.granicus.com/ViewPublisher.php?view_id=1,https://cityofnsb.granicus.com/ViewPublisher.php?view_id=1,
Suisun City,California,"https://www.youtube.com/@suisuncitycalifornia/videos 
https://www.suisun.com/Government/Meeting-Videos 
https://web.facebook.com/SuisunCity/videos ",https://www.suisun.com/Government/Meeting-Videos,https://suisuncityca.granicus.com/ViewPublisher.php?view_id=1,https://suisuncityca.granicus.com/ViewPublisher.php?view_id=1,
Jacksonville,Arkansas,"https://www.cityofjacksonville.net/civicmedia?cid=1     
https://www.youtube.com/@cojarkansas8498/streams ",,https://www.cityofjacksonville.net/AgendaCenter,https://www.cityofjacksonville.net/AgendaCenter,
Glenville,New York,"https://www.townofglenville.org/town-board/pages/town-board-meeting-videos 
https://www.youtube.com/@glenville1821/streams ",,https://www.townofglenville.org/node/41/minutes/2025,https://www.townofglenville.org/node/45/minutes,
Kirkwood,Missouri,"https://www.facebook.com/CityOfKirkwoodMo/videos 
https://www.facebook.com/CityOfKirkwoodMo/live_videos 
https://www.youtube.com/@KirkwoodCityMO/videos 
https://www.youtube.com/@KirkwoodCityMO/streams ",https://www.kirkwoodmo.org/government/boards-and-commissions/planning-zoning-commission/planning-zoning-commission-meeting-minutes,https://www.kirkwoodmo.org/government/city-council/city-council-meeting-minutes,https://www.kirkwoodmo.org/government/boards-and-commissions/planning-zoning-commission/planning-zoning-commission-meeting-minutes,
San Pablo,California,https://sanpablo.legistar.com/Calendar.aspx,https://sanpablo.legistar.com/Calendar.aspx,https://sanpablo.legistar.com/Calendar.aspx,https://sanpablo.legistar.com/Calendar.aspx,
Foley,Alabama,,,"https://cityoffoley.legistar.com/Calendar.aspx 
https://cityoffoley.org/city-boards/agenda-and-minutes/ ",https://cityoffoley.org/city-boards/agenda-and-minutes/,
Hyattsville,Maryland,https://hyattsville-md.legistar.com/Calendar.aspx,,https://hyattsville-md.legistar.com/Calendar.aspx,https://hyattsville-md.legistar.com/Calendar.aspx,
Boerne,Texas,https://boernetx.new.swagit.com/views/30/,https://boernetx.new.swagit.com/views/30/,https://boerne.legistar.com/Calendar.aspx,https://boerne.legistar.com/Calendar.aspx,